{
  "Punjabi Bagh, Delhi" : {
    "Atmospheric_Pressure_in_mb" : 999.354166666666,
    "CO" : 22.0869565217391,
    "Date" : "11-08-2020",
    "Dew_Point_in_cel" : 27.0416666666666,
    "NO2" : 39.4130434782608,
    "PM10" : 79.3478260869565,
    "PM2_5" : 84.2391304347826,
    "Rel_Humidity" : 0.818124999999999,
    "SO2" : 8.04347826086956,
    "Temperature_in_Cel" : 30.6041666666666,
    "Wind_Speed_in_KMpH" : 6.6875
  }
}
